{"cameraMode":{"drawMode":0,"name":"Shaded","section":"Shading Mode"},"sceneLighting":false,"audioPlay":false,"sceneViewState":{"m_AlwaysRefresh":false,"showFog":false,"showSkybox":false,"showFlares":false,"showImageEffects":false,"showParticleSystems":false,"showVisualEffectGraphs":true,"m_FxEnabled":true},"in2DMode":false,"pivot":{"x":628.5342407226563,"y":-86.07254028320313,"z":647.3948364257813},"rotation":{"x":0.16729938983917237,"y":0.050254177302122119,"z":-0.008531647734344006,"w":0.9845969080924988},"size":132.57240295410157,"orthographic":false}